,model,mse,mae,r2
0,DNN,5.665541849058208,1.7659020912952912,0.9132471766961413
1,TPOT: ExtraTreesRegressor,5.0364856560385025,1.6951365995115981,0.922879512351787
